نوع_الشركة,نوع_الصفحة,رابط_الصفحة,الكلمة_الرئيسية,مجموعة_الكلمات,كلمات_طويلة_عالية_النية,نية_البحث,سبب_اختيار_الموضوع,فجوة_المحتوى_المطلوب_سدها,متطلبات_صفحة_عالية_الجودة,الأقسام_المطلوبة,أسئلة_FAQ_مقترحة,إثبات_الثقة,دعوة_الإجراء,عنوان_SEO,وصف_الميتا,H1,روابط_داخلية,Schema,الأولوية
الأزياء والملابس,صفحة قطاع,fashion-store-management-system,نظام إدارة محل ملابس,"إدارة متجر ملابس, POS ملابس, مخزون مقاسات وألوان, متجر أزياء إلكتروني","أفضل برنامج إدارة محل ملابس, برنامج كاشير بوتيك, برنامج مخزون ملابس بالمقاسات والألوان, نظام إدارة متجر أزياء عربي",تجارية عالية,"قطاع واسع وبحث متكرر ونية شراء واضحة؛ يربط POS والمخزون والمتجر الإلكتروني في صفحة محورية","المحتوى العربي غالبا عام ولا يشرح المقاسات والألوان والمرتجعات والمواسم بعمق","عنوان واضح, وعد نتيجة, أمثلة مقاسات وألوان, صور واجهة, حالات استخدام, مقارنة قبل/بعد, CTA أعلى ومنتصف وأسفل, FAQ, سرعة جوال, لغة عربية طبيعية","Hero, مشاكل محلات الملابس, المقاسات والألوان, الباركود, المرتجعات, التجارة الإلكترونية, التقارير, التسعير/الديمو, FAQ","ما أفضل برنامج لإدارة محل ملابس؟ كيف أتابع المقاسات والألوان؟ هل يدعم الباركود والمرتجعات؟ هل يناسب بوتيك صغير؟","صور شاشة, رأي عميل, شارات دفع وأمان, أرقام تحسين مخزون إن وجدت",احجز عرض توضيحي,"نظام إدارة محل ملابس | مدار","أدر المبيعات والمخزون والمقاسات والألوان والمرتجعات والمتجر الإلكتروني لمحل الملابس من منصة واحدة.",نظام إدارة محل ملابس يساعدك على البيع بدون فوضى,"/features/pos;/features/inventory;/features/ecommerce;/pricing",SoftwareApplication;FAQPage,عالية جدا
الأزياء والملابس,صفحة حل,apparel-inventory-management,برنامج إدارة مخزون ملابس,"مخزون ملابس, SKU, مقاسات وألوان, باركود, تحويلات فروع","برنامج جرد محل ملابس, إدارة مخزون الملابس بالمقاسات, برنامج باركود للملابس, تتبع نفاد المقاسات",تجارية/حل مشكلة,"كلمة أكثر تحديدا من صفحة القطاع؛ تجذب صاحب متجر يعاني من نفاد مقاس أو تراكم مخزون","معظم الصفحات لا تشرح مصفوفة المقاس/اللون ولا دورة الجرد والاستلام والتحويل","شرح Workflow كامل, أمثلة SKU, لقطات شاشة, جداول مقاسات, حالات نقص مخزون, تقارير قابلة للتطبيق, FAQ","Hero, Matrix المقاس/اللون, الاستلام بالباركود, التحويل بين الفروع, الجرد, تنبيهات نقص, المرتجعات, التقارير","كيف أتابع كل مقاس ولون؟ كيف أعمل جرد سريع؟ هل أستطيع تحويل المخزون بين الفروع؟ كيف أعرف المقاسات الراكدة؟","تقرير مخزون, لقطة شاشة Matrix, دراسة حالة قصيرة",ابدأ تجربة المخزون,"برنامج إدارة مخزون ملابس بالمقاسات والألوان | مدار","تتبع كل قطعة ملابس حسب المقاس واللون والباركود والجرد والتحويلات والتقارير من مكان واحد.",برنامج إدارة مخزون ملابس بالمقاسات والألوان,"/fashion-store-management-system;/features/barcodes;/features/reports",SoftwareApplication;FAQPage,عالية جدا
المطاعم,صفحة قطاع,restaurant-management-system,نظام إدارة مطعم,"إدارة مطاعم, POS مطاعم, KDS, توصيل, منيو رقمي","أفضل نظام إدارة مطاعم, برنامج كاشير مطاعم عربي, نظام طلبات مطاعم, برنامج إدارة مطعم سحابي",تجارية عالية,"بحث واسع وعالي القيمة؛ مناسب كصفحة Pillar تربط الكاشير والمطبخ والتوصيل والتقارير","الصفحات العربية غالبا تبيع POS فقط ولا تغطي دورة الطلب كاملة من الطاولة للمطبخ للتوصيل","شرح دورة الطلب كاملة, صور شاشة, سيناريو Rush hour, دعم عربي/ضريبة, FAQ, CTA واضح","Hero, أنواع الطلبات, الطاولات, شاشة المطبخ, المنيو, التوصيل, المخزون, الورديات, التقارير, FAQ","ما هو نظام إدارة المطاعم؟ هل يدعم الطاولات والتوصيل؟ هل توجد شاشة مطبخ؟ هل يدعم الفواتير العربية؟","صور POS/KDS, نماذج فواتير, شهادات مطاعم",احجز تجربة للمطعم,"نظام إدارة مطعم | مدار","أدر طلبات الصالة والتيك أواي والتوصيل والمطبخ والورديات والتقارير بنظام مطاعم عربي متكامل.",نظام إدارة مطعم من الطلب حتى التقرير,"/features/pos;/features/kitchen;/features/delivery;/pricing",SoftwareApplication;FAQPage,عالية جدا
المطاعم,صفحة حل,restaurant-pos-system,نظام نقاط بيع للمطاعم,"كاشير مطاعم, POS, طاولات, إضافات, فواتير, ورديات","برنامج كاشير مطاعم, نظام POS للمطاعم, كاشير مطعم يدعم الطاولات, برنامج فواتير مطاعم",إجرائية عالية,"نية شراء مباشرة؛ الباحث غالبا يقارن حلول جاهزة","الفجوة: تفاصيل تقسيم الفاتورة والإضافات والخصومات وإغلاق الورديات غير مشروحة بعمق","عرض تدفق بيع حقيقي, سرعة الاستخدام, Hardware, ضريبة وفواتير, Offline إن وجد, FAQ","Hero, شاشة كاشير, الطاولات, الإضافات, المدفوعات, الفواتير, إغلاق الوردية, التقارير, الأجهزة","ما أفضل نظام كاشير للمطاعم؟ هل يدعم تقسيم الفاتورة؟ هل يعمل مع الطابعات؟ كيف يغلق الكاشير الوردية؟","لقطات شاشة, فيديو قصير, فاتورة نموذجية",جرّب الكاشير,"نظام نقاط بيع للمطاعم | مدار","كاشير مطاعم سريع لإدارة الطاولات والإضافات والفواتير والمدفوعات والورديات والتقارير.",نظام نقاط بيع للمطاعم سريع وسهل,"/restaurant-management-system;/features/payments;/features/reports",SoftwareApplication;Product;FAQPage,عالية جدا
البقالة والسوبرماركت,صفحة قطاع,grocery-store-management-system,نظام إدارة بقالة وسوبرماركت,"سوبرماركت, بقالة, باركود, صلاحية, موردين, عروض","برنامج إدارة سوبرماركت, نظام كاشير بقالة, برنامج مخزون سوبرماركت, برنامج باركود للبقالة",تجارية عالية,"قطاع يومي عالي الطلب؛ الكلمات تجمع POS ومخزون وصلاحية وهي نية عملية قوية","المنافسون يركزون على الكاشير ولا يشرحون الصلاحية والمنتجات الموزونة والموردين","شرح مواد سريعة الحركة, باركود, ميزان, صلاحية, عروض, تنبيهات, صور شاشة","Hero, كاشير باركود, منتجات موزونة, الصلاحية, العروض, الموردون, المخزون, التقارير, FAQ","هل يدعم الباركود؟ هل يدعم الميزان؟ كيف أتابع انتهاء الصلاحية؟ هل يناسب أكثر من فرع؟","صورة كاشير, تقرير صلاحية, نموذج فاتورة",احجز تجربة,"نظام إدارة بقالة وسوبرماركت | مدار","أدر كاشير البقالة والباركود والصلاحية والمخزون والموردين والعروض والتقارير من نظام واحد.",نظام إدارة بقالة وسوبرماركت سريع ودقيق,"/features/barcodes;/features/inventory;/features/suppliers;/pricing",SoftwareApplication;FAQPage,عالية جدا
البقالة والسوبرماركت,صفحة حل,supermarket-pos-system,نظام نقاط بيع للسوبرماركت,"POS سوبرماركت, كاشير باركود, ميزان, ورديات","برنامج كاشير سوبرماركت, نظام POS سوبرماركت, برنامج فواتير باركود, كاشير يدعم الميزان",إجرائية عالية,"صفحة Bottom-funnel؛ الباحث قريب من الشراء","الفجوة: مقارنة واضحة بين كاشير عادي وكاشير سوبرماركت عالي السرعة","تدفق دفع سريع, دعم باركود/ميزان/طابعات, خصومات, ورديات, تقارير يومية","Hero, مسح سريع, ميزان, خصومات, عدة كاشيرات, ورديات, فواتير, تقارير, FAQ","هل يدعم جهاز الميزان؟ هل يمكن تشغيل أكثر من كاشير؟ كيف تتم نهاية الوردية؟ هل يدعم العروض؟","لقطة شاشة كاشير, مثال فاتورة, تقرير وردية",ابدأ تجربة الكاشير,"نظام نقاط بيع للسوبرماركت | مدار","نظام POS للسوبرماركت يدعم الباركود والميزان والخصومات والورديات والتقارير اليومية.",نظام نقاط بيع للسوبرماركت يقلل الطوابير,"/grocery-store-management-system;/features/loyalty;/features/accounting",SoftwareApplication;Product;FAQPage,عالية جدا
الصيدليات,صفحة قطاع,pharmacy-management-system,نظام إدارة صيدلية,"صيدلية, أدوية, صلاحية, دفعات, باركود, مشتريات","برنامج إدارة صيدلية, برنامج مخزون أدوية, كاشير صيدلية, نظام تتبع صلاحية الأدوية",تجارية عالية,"قطاع حساس ومربح؛ البحث غالبا مرتبط بخسارة الصلاحية ودقة المخزون","الفجوة: أغلب المحتوى لا يشرح الدفعات والصلاحية والتنبيهات وسير المشتريات","لغة دقيقة بدون ادعاءات طبية, شرح دفعات, صلاحية, صلاحيات مستخدمين, صور شاشة, FAQ","Hero, كتالوج الأدوية, الدفعات, الصلاحية, الكاشير, الموردون, إعادة الطلب, التقارير, FAQ","كيف أتابع صلاحية الأدوية؟ هل يدعم الباركود؟ كيف أراقب الدفعات؟ هل يدعم تقارير المبيعات؟","لقطة مخزون أدوية, تنبيه صلاحية, رأي صيدلية",احجز تجربة,"نظام إدارة صيدلية | مدار","أدر مخزون الأدوية والدفعات والصلاحية والكاشير والموردين والتقارير بنظام صيدلية عربي.",نظام إدارة صيدلية لمخزون أدق وصلاحية أوضح,"/features/inventory;/features/barcodes;/features/reports;/pricing",SoftwareApplication;FAQPage,عالية جدا
الصيدليات,صفحة حل,medicine-expiry-tracking-software,برنامج تتبع صلاحية الأدوية,"صلاحية أدوية, دفعات, FEFO, تنبيهات, مرتجعات موردين","برنامج صلاحية الأدوية, تتبع انتهاء صلاحية الدواء, إدارة دفعات الأدوية, تنبيه قرب انتهاء الأدوية",حل مشكلة عالية,"كلمة Long-tail قوية جدا؛ الألم واضح والخسارة مباشرة","الفجوة: نقص صفحات عربية متخصصة في صلاحية الأدوية فقط","شرح نظام تنبيهات, FEFO, تقارير قريب الانتهاء, مرتجعات للمورد, أمثلة عملية","Hero, تسجيل الدفعة, تاريخ الصلاحية, تنبيهات, FEFO, تقارير, مرتجعات, FAQ","كيف أعرف الأدوية التي قربت تنتهي؟ ما معنى FEFO؟ هل يمكن تصفية تقرير حسب المورد؟ كيف أقلل هدر الصلاحية؟","تقرير صلاحية, صورة تنبيه, Workflow استلام",شاهد إدارة الصلاحية,"برنامج تتبع صلاحية الأدوية | مدار","تتبع دفعات الأدوية وتواريخ الصلاحية والتنبيهات وFEFO وتقارير قرب الانتهاء لتقليل الهدر.",برنامج تتبع صلاحية الأدوية والدفعات,"/pharmacy-management-system;/features/purchase-orders;/features/reports",SoftwareApplication;FAQPage,عالية جدا
الإلكترونيات والجوالات,صفحة قطاع,electronics-store-management-system,نظام إدارة متجر إلكترونيات وجوالات,"إلكترونيات, جوالات, IMEI, سيريال, ضمان, صيانة","برنامج إدارة محل جوالات, برنامج مخزون إلكترونيات, نظام كاشير جوالات, تتبع IMEI",تجارية عالية,"تخصيصه للجوالات يزيد فرصة البحث العربي؛ IMEI والضمان كلمات ألم قوية","الفجوة: صفحات عامة لا تغطي IMEI والضمان والصيانة والمرتجعات","أمثلة IMEI, ضمان, قطع وإكسسوارات, صيانة, صور شاشة, FAQ","Hero, IMEI/Serial, الضمان, الكاشير, الصيانة, الإكسسوارات, المخزون, التقارير, FAQ","هل يدعم IMEI؟ كيف أتابع ضمان الجهاز؟ هل يناسب محل جوالات؟ هل يدعم الصيانة؟","شاشة IMEI, بطاقة ضمان, تقرير مبيعات",احجز تجربة,"نظام إدارة متجر إلكترونيات وجوالات | مدار","أدر مبيعات الجوالات والإلكترونيات مع تتبع IMEI والسيريال والضمان والصيانة والمخزون.",نظام إدارة متجر إلكترونيات وجوالات,"/features/serials;/features/pos;/features/inventory;/pricing",SoftwareApplication;FAQPage,عالية جدا
الإلكترونيات والجوالات,صفحة حل,imei-serial-number-inventory-software,برنامج تتبع IMEI والسيريال,"IMEI, Serial number, ضمان, مخزون أجهزة, مرتجعات","برنامج تتبع IMEI, إدارة مخزون بالسيريال, برنامج ضمان جوالات, تتبع أجهزة إلكترونية",إجرائية عالية,"مصطلح IMEI أدق وأعلى نية من السيريال العام في سوق الجوالات","الفجوة: شرح قليل لدورة الجهاز من الاستلام للبيع للضمان للمرتجع","سير عمل كامل, بحث سريع, سجل جهاز, ضمان, مرتجع, تقارير ربحية","Hero, استلام IMEI, بيع الجهاز, بحث ضمان, مرتجع, سجل حركة, تقارير, FAQ","كيف أتتبع IMEI؟ هل يمكن معرفة تاريخ بيع الجهاز؟ كيف أتحقق من الضمان؟ هل يمنع تكرار السيريال؟","لقطة بحث IMEI, سجل جهاز, ضمان",جرّب تتبع IMEI,"برنامج تتبع IMEI والسيريال | مدار","تتبع كل جهاز جوال أو إلكتروني حسب IMEI أو السيريال من الشراء إلى البيع والضمان والمرتجع.",برنامج تتبع IMEI والسيريال للأجهزة,"/electronics-store-management-system;/features/warranty;/features/reports",SoftwareApplication;FAQPage,عالية جدا
الأثاث والديكور,صفحة قطاع,furniture-store-management-system,نظام إدارة معرض أثاث,"معرض أثاث, مخزون أثاث, توصيل, عربون, طلبات خاصة","برنامج إدارة معرض أثاث, برنامج مخزون أثاث, كاشير معرض أثاث, إدارة توصيل أثاث",تجارية متوسطة,"موضوع جيد للتخصص؛ قيمة الصفقة عالية ويحتاج توصيل وعربون","الفجوة: المحتوى العام لا يشرح التوصيل والطلبات الخاصة وحجز القطع","إظهار رحلة البيع من المعرض للتوصيل, عربون, جدولة, مخزون مستودع","Hero, عرض المنتجات, الطلبات الخاصة, العربون, التوصيل, المستودع, الفواتير, التقارير, FAQ","كيف أتابع عربون العميل؟ هل يدعم جدولة التوصيل؟ كيف أمنع بيع نفس القطعة مرتين؟","تقويم توصيل, طلب عميل, تقرير مخزون",احجز تجربة,"نظام إدارة معرض أثاث | مدار","أدر مبيعات الأثاث والمخزون والعربون والطلبات الخاصة والتوصيل وتقارير المعرض من نظام واحد.",نظام إدارة معرض أثاث من البيع للتوصيل,"/features/orders;/features/delivery;/features/inventory;/pricing",SoftwareApplication;FAQPage,متوسطة
الأثاث والديكور,صفحة حل,furniture-delivery-and-order-management,برنامج إدارة طلبات وتوصيل الأثاث,"طلبات أثاث, توصيل أثاث, عربون, تركيب, مخزون محجوز","برنامج توصيل أثاث, إدارة طلبات الأثاث, جدولة توصيل وتركيب, حجز مخزون للعميل",حل مشكلة,"أقوى من صفحة مخزون فقط لأن التوصيل والعربون ألم واضح في الأثاث","الفجوة: لا توجد صفحات عربية كثيرة تربط المخزون بالتوصيل والحجز","شرح حجز قطعة, عربون, موعد توصيل, حالة تركيب, إشعارات, تقارير","Hero, إنشاء طلب, تحصيل عربون, حجز مخزون, جدولة توصيل, حالة الطلب, تقارير, FAQ","كيف أحجز قطعة لعميل؟ كيف أجدول التوصيل؟ هل يمكن متابعة حالة التركيب؟ كيف أرى الطلبات المتأخرة؟","تقويم توصيل, حالة طلب, فاتورة عربون",نظّم طلبات الأثاث,"برنامج إدارة طلبات وتوصيل الأثاث | مدار","نظّم طلبات الأثاث والعربون وحجز المخزون وجدولة التوصيل والتركيب وتقارير الطلبات.",برنامج إدارة طلبات وتوصيل الأثاث,"/furniture-store-management-system;/features/delivery;/features/orders",SoftwareApplication;FAQPage,عالية
التجميل ومستحضرات العناية,صفحة قطاع,cosmetics-store-management-system,نظام إدارة متجر مستحضرات تجميل,"تجميل, عناية, صلاحية, عروض, ولاء, متجر إلكتروني","برنامج إدارة متجر مستحضرات تجميل, كاشير متجر تجميل, برنامج مخزون مستحضرات, إدارة متجر عناية",تجارية متوسطة,"قطاع Retail نشط؛ الصلاحية والعروض والولاء نقاط تمييز","الفجوة: المحتوى العربي يخلط الصالونات مع متاجر التجميل ولا يشرح مخزون المنتجات","تفصيل الدفعات والصلاحية والعروض والباقات والولاء","Hero, المنتجات, الدفعات والصلاحية, الكاشير, العروض, الولاء, المتجر الإلكتروني, التقارير, FAQ","هل يدعم صلاحية المنتجات؟ كيف أعمل عروض وباقات؟ هل يدعم نقاط الولاء؟ هل يناسب متجر إلكتروني؟","شبكة منتجات, لوحة عروض, بطاقة ولاء",احجز تجربة,"نظام إدارة متجر مستحضرات تجميل | مدار","أدر مخزون مستحضرات التجميل والصلاحية والكاشير والعروض والولاء والمتجر الإلكتروني والتقارير.",نظام إدارة متجر مستحضرات تجميل,"/features/inventory;/features/loyalty;/features/ecommerce;/pricing",SoftwareApplication;FAQPage,متوسطة
التجميل ومستحضرات العناية,صفحة حل,cosmetics-expiry-inventory-software,برنامج مخزون مستحضرات تجميل مع الصلاحية,"صلاحية مستحضرات, مخزون عناية, دفعات, عروض, باركود","تتبع صلاحية مستحضرات التجميل, برنامج مخزون منتجات عناية, إدارة دفعات مستحضرات",حل مشكلة,"أقوى SEO من POS عام؛ الصلاحية والدفعات ألم مباشر","الفجوة: قلة صفحات مخصصة لصلاحية مستحضرات التجميل بالعربية","شرح دفعات, تواريخ صلاحية, تنبيهات, عروض تصريف, تقارير","Hero, تسجيل دفعة, صلاحية, تنبيهات, عروض للمنتجات قرب الانتهاء, جرد, تقارير, FAQ","كيف أتابع صلاحية مستحضرات التجميل؟ هل يمكن عمل عروض للمنتجات قرب الانتهاء؟ كيف أتابع الدفعات؟","تنبيه صلاحية, تقرير دفعات, حملة عرض",تتبع الصلاحية,"برنامج مخزون مستحضرات تجميل مع الصلاحية | مدار","تتبع دفعات وصلاحية مستحضرات التجميل مع التنبيهات والجرد والعروض والتقارير.",برنامج مخزون مستحضرات تجميل مع الصلاحية,"/cosmetics-store-management-system;/features/promotions;/features/reports",SoftwareApplication;FAQPage,عالية
الذهب والمجوهرات,صفحة قطاع,jewelry-store-management-system,نظام إدارة محل ذهب ومجوهرات,"ذهب, مجوهرات, مخزون عالي القيمة, شهادات, جرد","برنامج إدارة محل ذهب, برنامج مخزون مجوهرات, كاشير مجوهرات, إدارة شهادات مجوهرات",تجارية متوسطة,"استخدام كلمة ذهب أقوى عربيا من مجوهرات فقط؛ قيمة العميل عالية","الفجوة: معظم الصفحات لا تشرح التكلفة والهامش وسجل القطعة والشهادات","لغة ثقة, أمان, سجل حركة, تفاصيل وزن/عيار إن كانت مدعومة, جرد, تقارير","Hero, تفاصيل القطع, الشهادات, الكاشير, الجرد, التسعير, سجل حركة, التقارير, FAQ","هل يناسب محلات الذهب؟ كيف أتابع كل قطعة؟ هل يدعم الشهادات؟ كيف أعمل جرد للمجوهرات؟","سجل قطعة, شهادة مرفقة, تقرير جرد",احجز تجربة,"نظام إدارة محل ذهب ومجوهرات | مدار","أدر مخزون الذهب والمجوهرات وتفاصيل القطع والشهادات والجرد والكاشير وتقارير المبيعات.",نظام إدارة محل ذهب ومجوهرات,"/features/pos;/features/inventory;/features/reports;/pricing",SoftwareApplication;FAQPage,متوسطة
الذهب والمجوهرات,صفحة حل,jewelry-inventory-management-software,برنامج إدارة مخزون ذهب ومجوهرات,"مخزون ذهب, جرد مجوهرات, شهادات, تكلفة وهامش","برنامج جرد محل ذهب, إدارة مخزون مجوهرات, برنامج تتبع قطع الذهب, برنامج شهادات مجوهرات",حل مشكلة,"صفحة Inventory أعمق ومرشحة لترتيب طويل الذيل","الفجوة: الحاجة لتفاصيل القطعة وسجل الحركة والتكلفة لا تظهر في الصفحات العامة","شرح خصائص القطعة, تكلفة, هامش, مرفقات, جرد, سجل تدقيق","Hero, بطاقة قطعة, عيار/وزن/خصائص, تكلفة, شهادة, جرد, سجل حركة, FAQ","كيف أتتبع كل قطعة ذهب؟ كيف أرفق شهادة؟ كيف أعرف هامش الربح؟ كيف أعمل جرد؟","بطاقة قطعة, سجل حركة, شاشة جرد",تتبع المخزون,"برنامج إدارة مخزون ذهب ومجوهرات | مدار","تتبع قطع الذهب والمجوهرات والخصائص والتكلفة والشهادات والجرد وسجل الحركة والتقارير.",برنامج إدارة مخزون ذهب ومجوهرات,"/jewelry-store-management-system;/features/reports;/features/barcodes",SoftwareApplication;FAQPage,عالية
قطع غيار السيارات,صفحة قطاع,auto-parts-store-management-system,نظام إدارة محل قطع غيار سيارات,"قطع غيار, توافق سيارات, بدائل, مستودع, موردين","برنامج إدارة محل قطع غيار, برنامج مخزون قطع غيار سيارات, كاشير قطع غيار, كتالوج قطع سيارات",تجارية عالية,"قطاع قوي وعملي؛ مشاكل التوافق والبدائل ترفع نية الشراء","الفجوة: صفحات كثيرة عامة ولا تشرح توافق القطعة مع موديلات السيارات","شرح التوافق, البدائل, مواقع التخزين, الموردين, الفواتير, البحث السريع","Hero, كتالوج قطع, توافق موديلات, بدائل, كاشير, مستودع, موردون, تقارير, FAQ","كيف أعرف القطعة المناسبة للسيارة؟ هل يدعم البدائل؟ هل يدعم مواقع التخزين؟ كيف أتابع الموردين؟","بحث قطعة, جدول توافق, تقرير مخزون",احجز تجربة,"نظام إدارة محل قطع غيار سيارات | مدار","أدر مخزون قطع الغيار والتوافق مع السيارات والبدائل والموردين والكاشير والفواتير والتقارير.",نظام إدارة محل قطع غيار سيارات,"/features/inventory;/features/warehouse;/features/purchase-orders;/pricing",SoftwareApplication;FAQPage,عالية جدا
قطع غيار السيارات,صفحة حل,auto-parts-inventory-software,برنامج مخزون قطع غيار سيارات,"مخزون قطع, توافق, SKU, بدائل, Bin locations","برنامج جرد قطع غيار, إدارة مخزون قطع سيارات, برنامج توافق قطع الغيار, تتبع مواقع قطع الغيار",حل مشكلة عالية,"مشكلة مخزون القطع عميقة ومختلفة عن Retail عادي","الفجوة: نقص محتوى عربي يشرح توافق القطع والبدائل ومواقع التخزين","أمثلة كتالوج, جدول توافق, مواقع رفوف, إعادة طلب, تقارير","Hero, SKU, توافق سيارات, بدائل, مواقع تخزين, استلام باركود, إعادة طلب, تقارير, FAQ","كيف أرتب مخزون قطع الغيار؟ كيف أربط القطعة بعدة موديلات؟ كيف أجد موقع القطعة؟ كيف أتابع البدائل؟","خريطة مواقع, جدول توافق, تنبيه إعادة طلب",ابدأ تنظيم المخزون,"برنامج مخزون قطع غيار سيارات | مدار","تتبع قطع الغيار حسب SKU والتوافق والبدائل ومواقع التخزين والباركود وإعادة الطلب والتقارير.",برنامج مخزون قطع غيار سيارات,"/auto-parts-store-management-system;/features/barcodes;/features/reports",SoftwareApplication;FAQPage,عالية جدا
المقاهي,صفحة قطاع,coffee-shop-management-system,نظام إدارة مقهى وكافيه,"كافيه, POS مقهى, إضافات, ولاء, ورديات","برنامج إدارة كافيه, كاشير مقهى, نظام نقاط بيع كافيه, برنامج محاسبة مقهى",تجارية عالية,"كلمات المقاهي منتشرة وقرار الشراء سريع؛ صفحة قطاع قوية","الفجوة: لا يتم شرح الإضافات والولاء والورديات كحالات استخدام عملية","تدفق طلب سريع, إضافات مشروبات, ولاء, ورديات, تقارير يومية","Hero, كاشير سريع, إضافات, ولاء, مخزون, ورديات, تقارير, FAQ","ما أفضل برنامج لإدارة كافيه؟ هل يدعم إضافات المشروبات؟ هل يدعم نقاط الولاء؟ كيف أتابع الوردية؟","شاشة POS, إضافة مشروب, تقرير يومي",احجز تجربة,"نظام إدارة مقهى وكافيه | مدار","أدر كاشير المقهى وإضافات المشروبات والولاء والمخزون والورديات والتقارير من نظام واحد.",نظام إدارة مقهى وكافيه سريع,"/features/pos;/features/loyalty;/features/reports;/pricing",SoftwareApplication;FAQPage,عالية جدا
المقاهي,صفحة حل,cafe-pos-system,نظام نقاط بيع للمقاهي,"كاشير كافيه, POS كافيه, فواتير, إضافات, مدفوعات","برنامج كاشير كافيه, نظام POS للمقاهي, برنامج فواتير مقهى, كاشير مشروبات سريع",إجرائية عالية,"Bottom-funnel واضح؛ الباحث يريد POS محدد","الفجوة: صفحات قليلة تشرح سرعة الطلب وقت الذروة والإضافات المتكررة","عرض واجهة بيع مشروبات, إضافات, اختصارات, مدفوعات, ورديات","Hero, طلب سريع, إضافات, اختصارات, مدفوعات, فواتير, ورديات, تقارير, FAQ","هل الكاشير سريع وقت الزحمة؟ هل يدعم إضافات مثل الحليب والحجم؟ هل يدعم الفواتير والوردية؟","شاشة مشروب, فاتورة, تقرير وردية",جرّب كاشير الكافيه,"نظام نقاط بيع للمقاهي | مدار","كاشير مقاهي سريع يدعم إضافات المشروبات والمدفوعات والفواتير وإغلاق الورديات والتقارير.",نظام نقاط بيع للمقاهي وقت الزحمة,"/coffee-shop-management-system;/features/payments;/features/loyalty",SoftwareApplication;Product;FAQPage,عالية جدا
الصالونات والسبا,صفحة قطاع,salon-management-system,نظام إدارة صالون وسبا,"صالون, سبا, حجز, موظفين, باقات, ولاء","برنامج إدارة صالون, برنامج حجز صالون, كاشير صالون, إدارة مواعيد سبا",تجارية عالية,"قطاع عالي البحث؛ الحجز والمواعيد والولاء كلمات نية واضحة","الفجوة: خلط بين إدارة الصالون وكاشير فقط دون شرح المواعيد والموظفين","تقويم موظفين, مدة خدمة, عربون, تذكيرات, باقات, صور شاشة","Hero, الحجز, جداول الموظفين, الخدمات, العربون, الباقات, الكاشير, الولاء, FAQ","كيف أرتب مواعيد الصالون؟ هل يدعم أكثر من موظفة؟ هل يمكن أخذ عربون؟ هل يرسل تذكيرات؟","تقويم صالون, بطاقة خدمة, رسالة تذكير",احجز تجربة,"نظام إدارة صالون وسبا | مدار","أدر حجوزات الصالون وجداول الموظفين والباقات والكاشير والولاء والتقارير من منصة واحدة.",نظام إدارة صالون وسبا للحجوزات والمبيعات,"/features/appointments;/features/pos;/features/loyalty;/pricing",SoftwareApplication;FAQPage,عالية جدا
الصالونات والسبا,صفحة حل,salon-booking-software,برنامج حجز مواعيد صالون,"حجز صالون, مواعيد سبا, تذكيرات, عربون, جدول موظفين","برنامج مواعيد صالون, نظام حجز صالون أونلاين, برنامج تذكير مواعيد صالون, حجز سبا",إجرائية عالية,"صفحة حل محددة جدا؛ مناسبة للترتيب في Long-tail","الفجوة: نقص شرح مدة الخدمة وتوفر الموظف والتذكيرات وتقليل No-show","شرح الحجز خطوة بخطوة, مدة خدمة, موظف, عربون, تذكير, سجل عميل","Hero, صفحة حجز, توفر الموظفين, مدة الخدمة, عربون, تذكيرات, سجل العميل, تقارير, FAQ","كيف يعمل حجز الصالون؟ هل يمكن تحديد موظفة؟ هل يرسل تذكير للعميل؟ هل يدعم العربون؟","واجهة حجز, تقويم موظفين, رسالة SMS",ابدأ الحجز,"برنامج حجز مواعيد صالون | مدار","نظّم مواعيد الصالون مع توفر الموظفين ومدة الخدمة والعربون والتذكيرات وسجل العملاء.",برنامج حجز مواعيد صالون يقلل الغياب,"/salon-management-system;/features/customers;/features/payments",SoftwareApplication;FAQPage,عالية جدا
العيادات,صفحة قطاع,clinic-management-system,نظام إدارة عيادة,"عيادة, مواعيد, مرضى, فواتير, تذكيرات","برنامج إدارة عيادة, برنامج مواعيد عيادة, نظام حجز مرضى, برنامج فواتير عيادة",تجارية متوسطة,"قطاع حساس؛ نية التشغيل الإداري عالية؛ تجنب ادعاءات طبية","الفجوة: صفحات كثيرة لا تفصل بين المواعيد والملفات والفواتير والصلاحيات","لغة إدارية آمنة, خصوصية, تقويم, ملفات مرضى, فواتير, صلاحيات","Hero, المواعيد, ملف المريض, الفواتير, التذكيرات, صلاحيات, التقارير, FAQ","هل يناسب العيادات الصغيرة؟ هل يدعم تذكير المرضى؟ هل يحفظ ملفات المرضى؟ هل يدعم الفواتير؟","تقويم, ملف مريض, فاتورة",احجز تجربة,"نظام إدارة عيادة | مدار","أدر مواعيد العيادة وملفات المرضى والفواتير والتذكيرات وصلاحيات الموظفين والتقارير.",نظام إدارة عيادة لتنظيم المواعيد والفواتير,"/features/appointments;/features/invoices;/features/customers;/pricing",SoftwareApplication;FAQPage,متوسطة
العيادات,صفحة حل,clinic-appointment-scheduling-software,برنامج حجز مواعيد عيادة,"مواعيد مرضى, حجز طبيب, تذكير مواعيد, جدول عيادة","برنامج مواعيد مرضى, نظام حجز عيادة, برنامج جدولة أطباء, تذكير مواعيد عيادة",إجرائية,"كلمة محددة وأقل منافسة من إدارة عيادة عامة","الفجوة: شرح ضعيف لتوفر الطبيب وتذكيرات المرضى وتقليل الغياب","عرض تقويم, توفر طبيب, مدة زيارة, تذكير, حالات الموعد","Hero, تقويم, توفر الأطباء, بيانات المريض, تذكيرات, فواتير, تقارير, FAQ","كيف أرتب جدول الطبيب؟ هل يرسل تذكير للمرضى؟ كيف أتعامل مع إلغاء الموعد؟","تقويم طبيب, تذكير, قائمة مواعيد",ابدأ تنظيم المواعيد,"برنامج حجز مواعيد عيادة | مدار","نظّم مواعيد العيادة وتوفر الأطباء وتذكيرات المرضى والفواتير والتقارير بسهولة.",برنامج حجز مواعيد عيادة,"/clinic-management-system;/features/reminders;/features/reports",SoftwareApplication;FAQPage,عالية
الجيم ومراكز اللياقة,صفحة قطاع,gym-management-system,نظام إدارة جيم ومركز لياقة,"جيم, عضويات, حضور, اشتراكات, مدفوعات","برنامج إدارة جيم, برنامج عضويات جيم, نظام اشتراكات نادي رياضي, برنامج حضور أعضاء",تجارية متوسطة,"بحث مناسب ومرتبط بإيراد متكرر؛ قيمة العميل جيدة","الفجوة: معظم المحتوى لا يشرح التجديد والتجميد والحضور والمدفوعات","شرح دورة العضوية, التجديد, الحضور, التجميد, المدفوعات, تقارير","Hero, العضويات, التجديد, الحضور, الاشتراكات, المدفوعات, الحصص, التقارير, FAQ","كيف أتابع عضويات الجيم؟ هل يدعم تجديد الاشتراك؟ هل يسجل حضور الأعضاء؟ هل يرسل تذكيرات؟","بطاقة عضوية, تقرير حضور, تذكير تجديد",احجز تجربة,"نظام إدارة جيم ومركز لياقة | مدار","أدر عضويات الجيم والتجديد والحضور والمدفوعات والحصص والتقارير من نظام واحد.",نظام إدارة جيم ومركز لياقة,"/features/memberships;/features/payments;/features/reports;/pricing",SoftwareApplication;FAQPage,متوسطة
الجيم ومراكز اللياقة,صفحة حل,gym-membership-management-software,برنامج إدارة عضويات الجيم,"عضويات, اشتراكات, تجديد, حضور, تذكيرات","برنامج اشتراكات جيم, إدارة عضويات نادي رياضي, برنامج تجديد عضويات, تتبع حضور أعضاء",إجرائية,"حل محدد بألم واضح: التجديد والتحصيل والحضور","الفجوة: لا توجد صفحات عربية كافية تربط الاشتراك بالحضور والمدفوعات","شرح خطط, تجديد, تجميد, إلغاء, حضور, دفع, تذكير","Hero, خطط العضوية, التجديد, التجميد, الحضور, المدفوعات, التذكيرات, FAQ","كيف أتابع تجديد العضوية؟ هل يمكن تجميد الاشتراك؟ كيف أعرف الأعضاء المتأخرين؟","تقرير تجديد, سجل حضور, رسالة تذكير",أدر العضويات,"برنامج إدارة عضويات الجيم | مدار","تتبع عضويات الجيم والاشتراكات والتجديد والحضور والمدفوعات والتذكيرات والتقارير.",برنامج إدارة عضويات الجيم والاشتراكات,"/gym-management-system;/features/reminders;/features/payments",SoftwareApplication;FAQPage,عالية
الجملة والتوزيع,صفحة قطاع,wholesale-distribution-management-system,نظام إدارة الجملة والتوزيع,"جملة, توزيع, B2B, مستودعات, أسعار عملاء, ائتمان","برنامج إدارة الجملة, برنامج توزيع ومخازن, نظام طلبات B2B, برنامج مناديب مبيعات",تجارية عالية,"قيمة عميل عالية؛ نية بحث B2B واضحة؛ ممتازة للـ Topical authority","الفجوة: المحتوى العربي ضعيف في قوائم الأسعار وحدود الائتمان والمناديب","شرح أسعار عملاء, طلبات B2B, مستودعات, مناديب, ائتمان, فواتير","Hero, طلبات B2B, قوائم أسعار, مستودعات, مناديب, فواتير, ائتمان, تقارير, FAQ","كيف أدير أسعار عملاء الجملة؟ هل يدعم مناديب المبيعات؟ كيف أتابع الائتمان؟ هل يدعم عدة مستودعات؟","بوابة B2B, قائمة أسعار, تقرير مستودع",احجز تجربة,"نظام إدارة الجملة والتوزيع | مدار","أدر طلبات الجملة وB2B وقوائم الأسعار والمستودعات والمناديب والفواتير والائتمان والتقارير.",نظام إدارة الجملة والتوزيع للشركات,"/features/warehouse;/features/invoices;/features/crm;/pricing",SoftwareApplication;FAQPage,عالية جدا
الجملة والتوزيع,صفحة حل,b2b-order-management-software,برنامج إدارة طلبات B2B,"طلبات B2B, بوابة عملاء, مناديب, أسعار خاصة, موافقات","برنامج طلبات جملة, نظام طلبات موزعين, تطبيق مناديب مبيعات, بوابة طلبات B2B",إجرائية عالية,"كلمة حديثة وعالية القيمة؛ تحل فوضى WhatsApp والهاتف","الفجوة: قلة محتوى عربي يشرح بوابة طلبات العملاء وأسعارهم الخاصة","عرض Portal, إعادة طلب, قوائم أسعار, موافقات, حد ائتمان, فواتير","Hero, كتالوج B2B, قائمة أسعار عميل, إعادة طلب, مندوب, موافقات, فواتير, FAQ","كيف يستلم العميل طلبات B2B؟ هل يدعم أسعار مختلفة لكل عميل؟ هل يرسل المندوب الطلب من الجوال؟","بوابة طلبات, طلب مندوب, موافقة مدير",ابدأ تنظيم الطلبات,"برنامج إدارة طلبات B2B | مدار","نظّم طلبات الجملة عبر بوابة B2B ومناديب المبيعات وقوائم الأسعار والموافقات والفواتير.",برنامج إدارة طلبات B2B للجملة والتوزيع,"/wholesale-distribution-management-system;/features/customers;/features/invoices",SoftwareApplication;FAQPage,عالية جدا
التصنيع والورش,صفحة قطاع,manufacturing-management-system,نظام إدارة تصنيع وورش,"تصنيع, ورش, BOM, إنتاج, مواد خام, تكلفة","برنامج إدارة مصنع صغير, برنامج إدارة ورشة إنتاج, نظام تصنيع ERP, إدارة أوامر إنتاج",تجارية متوسطة,"منافسة أقل عربيا وقيمة عالية؛ مناسب للشركات التي تحتاج BOM وتكلفة","الفجوة: صفحات ERP عامة لا تشرح BOM واستهلاك المواد والتكلفة","شرح مبسط للتصنيع الصغير, BOM, أوامر تشغيل, مواد خام, تكلفة, مخزون تام","Hero, BOM, أوامر إنتاج, المواد الخام, مراحل الإنتاج, التكلفة, المخزون التام, التقارير, FAQ","ما هو برنامج إدارة التصنيع؟ هل يدعم BOM؟ كيف أتابع استهلاك المواد؟ كيف أحسب تكلفة الإنتاج؟","شاشة BOM, أمر إنتاج, تقرير تكلفة",احجز تجربة,"نظام إدارة تصنيع وورش | مدار","أدر أوامر الإنتاج وBOM والمواد الخام والتكاليف والمخزون التام والتقارير للمصانع والورش.",نظام إدارة تصنيع وورش للمصانع الصغيرة,"/features/manufacturing;/features/inventory;/features/reports;/pricing",SoftwareApplication;FAQPage,عالية
التصنيع والورش,صفحة حل,production-costing-software,برنامج حساب تكلفة الإنتاج,"تكلفة إنتاج, BOM, مواد خام, هالك, أوامر تشغيل","برنامج تكلفة تصنيع, حساب تكلفة المنتج, برنامج BOM, تتبع استهلاك مواد خام",حل مشكلة عالية,"أقوى من production management العام؛ تكلفة الإنتاج ألم مباشر وقرار شرائي","الفجوة: قلة صفحات عربية تشرح حساب تكلفة المنتج من مواد وعمالة وهالك","شرح معادلة تكلفة, BOM, استهلاك, هالك, منتج تام, تقارير هامش","Hero, BOM, استهلاك مواد, تكلفة أمر إنتاج, هالك, منتج تام, تقارير هامش, FAQ","كيف أحسب تكلفة المنتج؟ هل يدخل الهالك في التكلفة؟ كيف أعرف ربحية كل منتج؟","جدول تكلفة, استهلاك مواد, تقرير هامش",احسب تكلفة الإنتاج,"برنامج حساب تكلفة الإنتاج | مدار","احسب تكلفة المنتجات من BOM واستهلاك المواد والهالك وأوامر الإنتاج وتقارير الهامش.",برنامج حساب تكلفة الإنتاج والتصنيع,"/manufacturing-management-system;/features/bom;/features/costing",SoftwareApplication;FAQPage,عالية جدا
اللوجستيات والتوصيل,صفحة قطاع,delivery-management-system,نظام إدارة التوصيل والطرود,"توصيل, مناديب, Dispatch, COD, تتبع, إثبات تسليم","برنامج إدارة التوصيل, نظام تتبع الطلبات, برنامج مناديب توصيل, إدارة COD",تجارية عالية,"قطاع نشط بسبب ecommerce؛ COD والتتبع نية قوية","الفجوة: معظم الصفحات لا تشرح محاولات فاشلة والتحصيل وإثبات التسليم","شرح كامل من الطلب للمندوب للتحصيل للتسليم, صور جوال, تقارير","Hero, لوحة توزيع, تعيين مندوب, حالة الطلب, COD, إثبات تسليم, إشعارات, تقارير, FAQ","كيف أوزع الطلبات على المناديب؟ هل يدعم COD؟ كيف أتابع حالة الطلب؟ كيف أسجل فشل التوصيل؟","لوحة توزيع, تطبيق مندوب, إثبات تسليم",احجز تجربة,"نظام إدارة التوصيل والطرود | مدار","أدر توزيع الطلبات والمناديب وتتبع الحالات والتحصيل عند التسليم وإثبات التسليم والتقارير.",نظام إدارة التوصيل والطرود,"/features/delivery;/features/orders;/features/reports;/pricing",SoftwareApplication;FAQPage,عالية جدا
اللوجستيات والتوصيل,صفحة حل,courier-dispatch-software,برنامج توزيع الطلبات على المناديب,"Dispatch, تعيين مندوب, مسار, COD, محاولة فاشلة","برنامج Dispatch توصيل, تعيين مناديب توصيل, برنامج متابعة المندوبين, إدارة محاولات التوصيل",إجرائية عالية,"صفحة عملية جدا لمشرفي التوصيل؛ Long-tail واضح","الفجوة: نقص محتوى عربي يشرح شاشة المشرف اليومية","عرض Dispatch board, قواعد تعيين, حالات, COD, فشل توصيل, POD","Hero, قائمة طلبات, تعيين مندوب, تحديث حالة, COD, محاولة فاشلة, إثبات تسليم, تقارير, FAQ","كيف أوزع الطلبات بسرعة؟ كيف أعرف الطلبات المتأخرة؟ كيف أسجل محاولة فاشلة؟ هل يدعم إثبات التسليم؟","لوحة Dispatch, بطاقة مندوب, صورة POD",جرّب التوزيع,"برنامج توزيع الطلبات على المناديب | مدار","وزّع الطلبات على المناديب وتتبع الحالات وCOD والمحاولات الفاشلة وإثبات التسليم والتقارير.",برنامج توزيع الطلبات على المناديب,"/delivery-management-system;/features/notifications;/features/payments",SoftwareApplication;FAQPage,عالية جدا
الخدمات والصيانة,صفحة قطاع,service-business-management-system,نظام إدارة شركات الخدمات والصيانة,"خدمات, صيانة, عملاء, فواتير, مواعيد, فنيين","برنامج إدارة شركة صيانة, برنامج إدارة خدمات, نظام فواتير خدمات, إدارة فنيين",تجارية متوسطة,"أفضل من professional services العام عربيا؛ كلمة صيانة أقوى وأكثر عملية","الفجوة: المحتوى العام لا يشرح طلب الخدمة والفني والفاتورة والمتابعة","شرح رحلة طلب الخدمة, تعيين فني, موعد, فاتورة, دفعة, تقرير","Hero, طلبات خدمة, عملاء, تعيين فني, مواعيد, عروض أسعار, فواتير, تقارير, FAQ","كيف أتابع طلبات الصيانة؟ هل يمكن تعيين فني؟ هل يدعم عروض الأسعار والفواتير؟","بطاقة طلب, جدول فنيين, فاتورة",احجز تجربة,"نظام إدارة شركات الخدمات والصيانة | مدار","أدر طلبات الخدمة والعملاء والفنيين والمواعيد وعروض الأسعار والفواتير والتقارير من نظام واحد.",نظام إدارة شركات الخدمات والصيانة,"/features/crm;/features/invoices;/features/projects;/pricing",SoftwareApplication;FAQPage,عالية
الخدمات والصيانة,صفحة حل,field-service-invoicing-software,برنامج فواتير ومتابعة خدمات ميدانية,"فنيين, زيارات, فواتير, تحصيل, طلبات صيانة","برنامج فواتير صيانة, إدارة زيارات الفنيين, متابعة طلبات الخدمة, برنامج تحصيل خدمات",حل مشكلة,"Long-tail عملي؛ يجمع التشغيل والتحصيل","الفجوة: صفحات الفواتير لا تغطي زيارة الفني وحالة الطلب","شرح من فتح الطلب إلى الزيارة إلى الفاتورة والتحصيل","Hero, طلب خدمة, جدولة زيارة, تعيين فني, فاتورة, تحصيل, تقرير أداء, FAQ","كيف أتابع الفنيين؟ كيف أحول الطلب لفاتورة؟ كيف أعرف الطلبات غير المحصلة؟","سجل زيارة, فاتورة, تقرير تحصيل",نظّم الفواتير,"برنامج فواتير ومتابعة خدمات ميدانية | مدار","نظّم طلبات الخدمة وزيارات الفنيين والفواتير والتحصيل وتقارير الأداء من مكان واحد.",برنامج فواتير ومتابعة خدمات ميدانية,"/service-business-management-system;/features/payments;/features/accounting",SoftwareApplication;FAQPage,عالية
المتاجر الإلكترونية,صفحة قطاع,ecommerce-order-management-system,نظام إدارة طلبات متجر إلكتروني,"متجر إلكتروني, طلبات, مخزون, شحن, مدفوعات, مرتجعات","برنامج إدارة طلبات متجر إلكتروني, نظام إدارة متجر إلكتروني, برنامج مخزون ecommerce, إدارة شحن الطلبات",تجارية عالية,"أفضل إضافة للـ SEO؛ التجارة الإلكترونية كلمة عالية الطلب ومرتبطة بميدار","الفجوة: صفحات المتاجر تركز على واجهة البيع ولا تشرح العمليات بعد الطلب","شرح ما بعد الشراء: طلب, مخزون, دفع, شحن, مرتجع, تقارير","Hero, مزامنة الطلبات, المخزون, الدفع, الشحن, المرتجعات, العملاء, التقارير, FAQ","كيف أدير طلبات المتجر الإلكتروني؟ هل يتزامن المخزون؟ كيف أتابع الشحن والمرتجعات؟","لوحة طلبات, حالة شحن, تقرير مبيعات",احجز تجربة,"نظام إدارة طلبات متجر إلكتروني | مدار","أدر طلبات المتجر الإلكتروني والمخزون والمدفوعات والشحن والمرتجعات والعملاء والتقارير من نظام واحد.",نظام إدارة طلبات متجر إلكتروني,"/features/ecommerce;/features/orders;/features/inventory;/pricing",SoftwareApplication;FAQPage,عالية جدا
المتاجر الإلكترونية,صفحة حل,online-store-inventory-sync-software,برنامج مزامنة مخزون المتجر الإلكتروني,"مزامنة مخزون, ecommerce inventory, نفاد مخزون, قنوات بيع","برنامج مزامنة المخزون مع المتجر الإلكتروني, منع البيع الزائد, إدارة مخزون أونلاين, ربط المخزون بالطلبات",حل مشكلة عالية,"مشكلة Over-selling شائعة وعالية الألم؛ Long-tail قوي","الفجوة: قلة صفحات عربية تشرح مزامنة المخزون بين POS والمتجر","شرح سيناريو نفاد مخزون, حجز مخزون عند الطلب, تحديث تلقائي, تقارير","Hero, مزامنة فورية, حجز مخزون, طلبات متعددة القنوات, تنبيهات نفاد, مرتجعات, تقارير, FAQ","كيف أمنع بيع منتج نفد؟ هل يتحدث المخزون تلقائيا؟ كيف يتعامل النظام مع المرتجعات؟","مخطط مزامنة, تنبيه نفاد, شاشة طلب",امنع البيع الزائد,"برنامج مزامنة مخزون المتجر الإلكتروني | مدار","زامن مخزون المتجر الإلكتروني مع الطلبات ونقاط البيع لمنع البيع الزائد وتتبع النفاد والمرتجعات.",برنامج مزامنة مخزون المتجر الإلكتروني,"/ecommerce-order-management-system;/features/inventory;/features/pos",SoftwareApplication;FAQPage,عالية جدا
المحاسبة والفواتير للشركات الصغيرة,صفحة قطاع,small-business-invoicing-accounting-system,نظام فواتير ومحاسبة للشركات الصغيرة,"فواتير, محاسبة, مدفوعات, عملاء, تقارير","برنامج فواتير للشركات الصغيرة, نظام محاسبة بسيط, برنامج إدارة الفواتير, تتبع المدفوعات",تجارية عالية,"موضوع أفقي يخدم كل القطاعات ويجذب بحث واسع عالي النية","الفجوة: محتوى عربي كثير عام؛ لازم ربط الفاتورة بالطلب والمخزون والتحصيل","لغة بسيطة, أمثلة فواتير, حالات تحصيل, تقارير, ضرائب إن وجدت","Hero, إنشاء فاتورة, عروض أسعار, مدفوعات, أعمار ديون, عملاء, تقارير, FAQ","ما أفضل برنامج فواتير؟ هل يناسب شركة صغيرة؟ كيف أتابع الفواتير غير المدفوعة؟","نموذج فاتورة, تقرير مدفوعات, لوحة عملاء",جرّب الفواتير,"نظام فواتير ومحاسبة للشركات الصغيرة | مدار","أنشئ الفواتير وتتبع المدفوعات والعملاء والتقارير المالية لشركتك الصغيرة من نظام واحد.",نظام فواتير ومحاسبة للشركات الصغيرة,"/features/invoices;/features/payments;/features/accounting;/pricing",SoftwareApplication;FAQPage,عالية
المحاسبة والفواتير للشركات الصغيرة,صفحة حل,accounts-receivable-tracking-software,برنامج متابعة الفواتير غير المدفوعة,"تحصيل, فواتير مستحقة, أعمار ديون, عملاء, تذكيرات","برنامج متابعة الفواتير المستحقة, تتبع المبالغ غير المحصلة, تقرير أعمار الديون, تذكير دفع العملاء",حل مشكلة,"صفحة ألم مالي واضحة؛ فرصة SEO عالية لأن المنافسة أقل من كلمة محاسبة عامة","الفجوة: قلة صفحات تركز على التحصيل وأعمار الديون بدل إنشاء الفاتورة فقط","شرح Aging report, تذكيرات, حالة دفع, عملاء متأخرون, تقارير","Hero, الفواتير المستحقة, أعمار الديون, تذكيرات, سجل دفع العميل, تقارير, FAQ","كيف أعرف العملاء المتأخرين؟ ما تقرير أعمار الديون؟ هل يمكن إرسال تذكير دفع؟","تقرير Aging, قائمة مستحقات, رسالة تذكير",تابع التحصيل,"برنامج متابعة الفواتير غير المدفوعة | مدار","تابع الفواتير المستحقة وأعمار الديون وتذكيرات الدفع وسجل العملاء وتقارير التحصيل.",برنامج متابعة الفواتير غير المدفوعة,"/small-business-invoicing-accounting-system;/features/payments;/features/customers",SoftwareApplication;FAQPage,عالية
